{"cameraMode":{"drawMode":0,"name":"Shaded","section":"Shading Mode"},"sceneLighting":false,"audioPlay":false,"sceneViewState":{"m_AlwaysRefresh":false,"showFog":true,"showSkybox":false,"showFlares":true,"showImageEffects":true,"showParticleSystems":true,"showVisualEffectGraphs":true,"m_FxEnabled":true},"in2DMode":false,"pivot":{"x":0.0915566086769104,"y":-0.6311159133911133,"z":1.17134428024292},"rotation":{"x":-0.07972867041826248,"y":-0.002705849939957261,"z":0.00026438836357556283,"w":-0.996847927570343},"size":6.0124359130859379,"orthographic":false}