{"cameraMode":{"drawMode":0,"name":"Shaded","section":"Shading Mode"},"sceneLighting":false,"audioPlay":false,"sceneViewState":{"m_AlwaysRefresh":false,"showFog":true,"showSkybox":false,"showFlares":true,"showImageEffects":true,"showParticleSystems":true,"showVisualEffectGraphs":true,"m_FxEnabled":true},"in2DMode":false,"pivot":{"x":2.0861546993255617,"y":2.2403621673583986,"z":9.578571319580079},"rotation":{"x":-0.029073873534798623,"y":0.9666652679443359,"z":-0.22003641724586488,"w":-0.1277380883693695},"size":7.370326042175293,"orthographic":true}