{"cameraMode":{"drawMode":0,"name":"Shaded","section":"Shading Mode"},"sceneLighting":true,"audioPlay":false,"sceneViewState":{"m_AlwaysRefresh":false,"showFog":true,"showSkybox":false,"showFlares":true,"showImageEffects":true,"showParticleSystems":true,"showVisualEffectGraphs":true,"m_FxEnabled":true},"in2DMode":false,"pivot":{"x":11.293012619018555,"y":7.781550407409668,"z":26.90912628173828},"rotation":{"x":-0.4283592700958252,"y":-0.022774098441004754,"z":0.010824840515851975,"w":-0.9032960534095764},"size":30.785463333129884,"orthographic":false}