{"cameraMode":{"drawMode":0,"name":"Shaded","section":"Shading Mode"},"sceneLighting":false,"audioPlay":false,"sceneViewState":{"m_AlwaysRefresh":false,"showFog":true,"showSkybox":false,"showFlares":true,"showImageEffects":true,"showParticleSystems":true,"showVisualEffectGraphs":true,"m_FxEnabled":true},"in2DMode":false,"pivot":{"x":3.8976070880889894,"y":0.8782005310058594,"z":-7.236394882202148},"rotation":{"x":-0.7521212697029114,"y":0.028031088411808015,"z":-0.03205765038728714,"w":-0.6576499938964844},"size":16.905899047851564,"orthographic":false}