{"cameraMode":{"drawMode":0,"name":"Shaded","section":"Shading Mode"},"sceneLighting":false,"audioPlay":false,"sceneViewState":{"m_AlwaysRefresh":false,"showFog":true,"showSkybox":false,"showFlares":true,"showImageEffects":true,"showParticleSystems":true,"showVisualEffectGraphs":true,"m_FxEnabled":true},"in2DMode":false,"pivot":{"x":26.142057418823243,"y":17.69353675842285,"z":12.382913589477539},"rotation":{"x":0.11785247176885605,"y":-0.6884247660636902,"z":0.11485138535499573,"w":0.7064051032066345},"size":11.860114097595215,"orthographic":true}