{"cameraMode":{"drawMode":0,"name":"Shaded","section":"Shading Mode"},"sceneLighting":false,"audioPlay":false,"sceneViewState":{"m_AlwaysRefresh":false,"showFog":true,"showSkybox":false,"showFlares":true,"showImageEffects":true,"showParticleSystems":true,"showVisualEffectGraphs":true,"m_FxEnabled":true},"in2DMode":false,"pivot":{"x":7.593846321105957,"y":3.1952409744262697,"z":7.747841835021973},"rotation":{"x":0.20223304629325868,"y":-0.5486046671867371,"z":0.13880304992198945,"w":0.7993040084838867},"size":7.3472137451171879,"orthographic":true}