{"cameraMode":{"drawMode":0,"name":"Shaded","section":"Shading Mode"},"sceneLighting":false,"audioPlay":false,"sceneViewState":{"m_AlwaysRefresh":false,"showFog":true,"showSkybox":false,"showFlares":true,"showImageEffects":true,"showParticleSystems":true,"showVisualEffectGraphs":true,"m_FxEnabled":true},"in2DMode":false,"pivot":{"x":3.5973012447357179,"y":2.2419557571411135,"z":3.528352737426758},"rotation":{"x":-0.19118447601795197,"y":0.43208667635917666,"z":-0.09427452087402344,"w":-0.8762933611869812},"size":7.309493064880371,"orthographic":true}