{"cameraMode":{"drawMode":0,"name":"Shaded","section":"Shading Mode"},"sceneLighting":false,"audioPlay":false,"sceneViewState":{"m_AlwaysRefresh":false,"showFog":true,"showSkybox":false,"showFlares":true,"showImageEffects":true,"showParticleSystems":true,"showVisualEffectGraphs":true,"m_FxEnabled":true},"in2DMode":false,"pivot":{"x":-0.47784942388534548,"y":-1.9530764818191529,"z":27.384265899658204},"rotation":{"x":0.16018353402614594,"y":-0.7964889407157898,"z":0.2401198446750641,"w":0.5313202738761902},"size":7.636265277862549,"orthographic":true}