{"cameraMode":{"drawMode":0,"name":"Shaded","section":"Shading Mode"},"sceneLighting":false,"audioPlay":false,"sceneViewState":{"m_AlwaysRefresh":false,"showFog":true,"showSkybox":false,"showFlares":true,"showImageEffects":true,"showParticleSystems":true,"showVisualEffectGraphs":true,"m_FxEnabled":true},"in2DMode":false,"pivot":{"x":0.02333545684814453,"y":2.2403621673583986,"z":-1.1920928955078126e-7},"rotation":{"x":0.25549212098121645,"y":-0.6782726645469666,"z":0.2740228474140167,"w":0.6322054862976074},"size":3.0957887172698976,"orthographic":false}