{"cameraMode":{"drawMode":0,"name":"Shaded","section":"Shading Mode"},"sceneLighting":false,"audioPlay":false,"sceneViewState":{"m_AlwaysRefresh":false,"showFog":true,"showSkybox":false,"showFlares":true,"showImageEffects":true,"showParticleSystems":true,"showVisualEffectGraphs":true,"m_FxEnabled":true},"in2DMode":false,"pivot":{"x":4.9494476318359379,"y":-0.12547874450683595,"z":-25.110523223876954},"rotation":{"x":-0.5165004134178162,"y":-0.12466098368167877,"z":0.07637640088796616,"w":-0.8437535762786865},"size":0.8660253882408142,"orthographic":false}