{"cameraMode":{"drawMode":0,"name":"Shaded","section":"Shading Mode"},"sceneLighting":false,"audioPlay":false,"sceneViewState":{"m_AlwaysRefresh":false,"showFog":true,"showSkybox":false,"showFlares":true,"showImageEffects":true,"showParticleSystems":true,"showVisualEffectGraphs":true,"m_FxEnabled":false},"in2DMode":false,"pivot":{"x":1.6357753276824952,"y":1.5199458599090577,"z":3.4835643768310549},"rotation":{"x":-0.008635494858026505,"y":-0.9911677241325378,"z":-0.10295748710632324,"w":0.08374212682247162},"size":2.529371500015259,"orthographic":false}