{"cameraMode":{"drawMode":0,"name":"Shaded","section":"Shading Mode"},"sceneLighting":false,"audioPlay":false,"sceneViewState":{"m_AlwaysRefresh":false,"showFog":true,"showSkybox":false,"showFlares":true,"showImageEffects":true,"showParticleSystems":true,"showVisualEffectGraphs":true,"m_FxEnabled":true},"in2DMode":false,"pivot":{"x":0.009643018245697022,"y":1.3396536111831666,"z":-0.03986591100692749},"rotation":{"x":0.23916028439998628,"y":-0.010223646648228169,"z":0.002457082737237215,"w":0.9709753394126892},"size":0.9281178116798401,"orthographic":false}