{"cameraMode":{"drawMode":0,"name":"Shaded","section":"Shading Mode"},"sceneLighting":false,"audioPlay":false,"sceneViewState":{"m_AlwaysRefresh":false,"showFog":true,"showSkybox":false,"showFlares":true,"showImageEffects":true,"showParticleSystems":true,"showVisualEffectGraphs":true,"m_FxEnabled":true},"in2DMode":false,"pivot":{"x":0.20261067152023316,"y":1.1491529941558838,"z":3.4838013648986818},"rotation":{"x":-0.41976913809776308,"y":-0.13371093571186067,"z":0.06269751489162445,"w":-0.895575225353241},"size":3.100600481033325,"orthographic":false}