{"cameraMode":{"drawMode":0,"name":"Shaded","section":"Shading Mode"},"sceneLighting":false,"audioPlay":false,"sceneViewState":{"m_AlwaysRefresh":false,"showFog":true,"showSkybox":false,"showFlares":true,"showImageEffects":true,"showParticleSystems":true,"showVisualEffectGraphs":true,"m_FxEnabled":true},"in2DMode":false,"pivot":{"x":-2.249236583709717,"y":7.2503132820129398,"z":38.71565628051758},"rotation":{"x":0.020660998299717904,"y":0.048255957663059238,"z":0.0010610186727717519,"w":-0.998665988445282},"size":21.96491241455078,"orthographic":false}