{"cameraMode":{"drawMode":0,"name":"Shaded","section":"Shading Mode"},"sceneLighting":false,"audioPlay":false,"sceneViewState":{"m_AlwaysRefresh":false,"showFog":true,"showSkybox":false,"showFlares":true,"showImageEffects":true,"showParticleSystems":true,"showVisualEffectGraphs":true,"m_FxEnabled":true},"in2DMode":false,"pivot":{"x":18.503854751586915,"y":8.661222457885743,"z":8.030231475830079},"rotation":{"x":-0.3041613698005676,"y":0.038848038762807849,"z":-0.012373711913824082,"w":-0.9517839550971985},"size":-1.7000031471252442,"orthographic":false}