{"cameraMode":{"drawMode":0,"name":"Shaded","section":"Shading Mode"},"sceneLighting":false,"audioPlay":false,"sceneViewState":{"m_AlwaysRefresh":false,"showFog":true,"showSkybox":false,"showFlares":true,"showImageEffects":true,"showParticleSystems":true,"showVisualEffectGraphs":true,"m_FxEnabled":true},"in2DMode":false,"pivot":{"x":20.143508911132814,"y":0.48085975646972659,"z":33.926025390625},"rotation":{"x":0.01766720786690712,"y":-0.052189093083143237,"z":-0.0008757871109992266,"w":-0.9985136985778809},"size":8.398347854614258,"orthographic":false}