{"cameraMode":{"drawMode":0,"name":"Shaded","section":"Shading Mode"},"sceneLighting":false,"audioPlay":false,"sceneViewState":{"m_AlwaysRefresh":false,"showFog":true,"showSkybox":false,"showFlares":true,"showImageEffects":true,"showParticleSystems":true,"showVisualEffectGraphs":true,"m_FxEnabled":true},"in2DMode":false,"pivot":{"x":17.154943466186525,"y":-0.2705702781677246,"z":24.973106384277345},"rotation":{"x":-0.19859476387500764,"y":0.11466426402330399,"z":-0.023353034630417825,"w":-0.9731163382530212},"size":7.184410095214844,"orthographic":false}