{"cameraMode":{"drawMode":0,"name":"Shaded","section":"Shading Mode"},"sceneLighting":false,"audioPlay":false,"sceneViewState":{"m_AlwaysRefresh":false,"showFog":true,"showSkybox":false,"showFlares":true,"showImageEffects":true,"showParticleSystems":true,"showVisualEffectGraphs":true,"m_FxEnabled":true},"in2DMode":false,"pivot":{"x":2.5148448944091799,"y":8.58393383026123,"z":50.31150436401367},"rotation":{"x":-0.7337579131126404,"y":-0.005912328604608774,"z":0.006393128540366888,"w":-0.6794432997703552},"size":29.624881744384767,"orthographic":false}