{"cameraMode":{"drawMode":0,"name":"Shaded","section":"Shading Mode"},"sceneLighting":false,"audioPlay":false,"sceneViewState":{"m_AlwaysRefresh":false,"showFog":true,"showSkybox":false,"showFlares":true,"showImageEffects":true,"showParticleSystems":true,"showVisualEffectGraphs":true,"m_FxEnabled":true},"in2DMode":false,"pivot":{"x":0.01784619502723217,"y":0.06598006188869477,"z":0.07501912862062454},"rotation":{"x":-0.11549792438745499,"y":0.8790645003318787,"z":-0.27078431844711306,"w":-0.37498101592063906},"size":9.81413459777832,"orthographic":true}