{"cameraMode":{"drawMode":0,"name":"Shaded","section":"Shading Mode"},"sceneLighting":false,"audioPlay":false,"sceneViewState":{"m_AlwaysRefresh":false,"showFog":true,"showSkybox":false,"showFlares":true,"showImageEffects":true,"showParticleSystems":true,"showVisualEffectGraphs":true,"m_FxEnabled":true},"in2DMode":false,"pivot":{"x":-0.05471467971801758,"y":0.2446269989013672,"z":0.13429594039916993},"rotation":{"x":-0.7337449193000794,"y":0.07096214592456818,"z":-0.07751553505659104,"w":-0.6712976098060608},"size":6.312436103820801,"orthographic":false}