{"cameraMode":{"drawMode":0,"name":"Shaded","section":"Shading Mode"},"sceneLighting":true,"audioPlay":false,"sceneViewState":{"m_AlwaysRefresh":false,"showFog":true,"showSkybox":true,"showFlares":true,"showImageEffects":true,"showParticleSystems":true,"showVisualEffectGraphs":true,"m_FxEnabled":true},"in2DMode":false,"pivot":{"x":4.750169277191162,"y":-3.4528467655181886,"z":-28.56962776184082},"rotation":{"x":-0.2795712947845459,"y":-0.054412998259067538,"z":0.015900254249572755,"w":-0.9584773182868958},"size":9.699999809265137,"orthographic":false}