{"cameraMode":{"drawMode":0,"name":"Shaded","section":"Shading Mode"},"sceneLighting":true,"audioPlay":false,"sceneViewState":{"m_AlwaysRefresh":false,"showFog":true,"showSkybox":true,"showFlares":true,"showImageEffects":true,"showParticleSystems":true,"showVisualEffectGraphs":true,"m_FxEnabled":true},"in2DMode":false,"pivot":{"x":23.34304428100586,"y":0.5800049304962158,"z":-5.797635555267334},"rotation":{"x":0.029560213908553125,"y":0.0901218131184578,"z":0.0027298268396407367,"w":-0.9955215454101563},"size":4.76602840423584,"orthographic":false}