{"cameraMode":{"drawMode":0,"name":"Shaded","section":"Shading Mode"},"sceneLighting":false,"audioPlay":false,"sceneViewState":{"m_AlwaysRefresh":false,"showFog":true,"showSkybox":true,"showFlares":true,"showImageEffects":true,"showParticleSystems":true,"showVisualEffectGraphs":true,"m_FxEnabled":true},"in2DMode":false,"pivot":{"x":373.67657470703127,"y":258.314697265625,"z":49.68736267089844},"rotation":{"x":0.18066465854644776,"y":-0.039830487221479419,"z":0.007319847121834755,"w":0.9827216267585754},"size":525.9038696289063,"orthographic":true}