{"cameraMode":{"drawMode":0,"name":"Shaded","section":"Shading Mode"},"sceneLighting":true,"audioPlay":false,"sceneViewState":{"m_AlwaysRefresh":false,"showFog":true,"showSkybox":true,"showFlares":true,"showImageEffects":true,"showParticleSystems":true,"showVisualEffectGraphs":true,"m_FxEnabled":true},"in2DMode":false,"pivot":{"x":9.770000457763672,"y":2.049999952316284,"z":-25.610000610351564},"rotation":{"x":-0.2795712947845459,"y":-0.054412998259067538,"z":0.015900254249572755,"w":-0.9584773182868958},"size":6.999998092651367,"orthographic":false}