{"cameraMode":{"drawMode":0,"name":"Shaded","section":"Shading Mode"},"sceneLighting":true,"audioPlay":false,"sceneViewState":{"m_AlwaysRefresh":false,"showFog":true,"showSkybox":true,"showFlares":true,"showImageEffects":true,"showParticleSystems":true,"showVisualEffectGraphs":true,"m_FxEnabled":true},"in2DMode":false,"pivot":{"x":16.233898162841798,"y":3.2306861877441408,"z":14.251449584960938},"rotation":{"x":-0.4490073621273041,"y":-0.14859963953495027,"z":0.07607004046440125,"w":-0.8778325319290161},"size":31.824596405029298,"orthographic":false}