{"cameraMode":{"drawMode":0,"name":"Shaded","section":"Shading Mode"},"sceneLighting":true,"audioPlay":false,"sceneViewState":{"m_AlwaysRefresh":false,"showFog":true,"showSkybox":true,"showFlares":true,"showImageEffects":true,"showParticleSystems":true,"showVisualEffectGraphs":true,"m_FxEnabled":true},"in2DMode":false,"pivot":{"x":-6.631381511688232,"y":10.25755786895752,"z":-5.026790618896484},"rotation":{"x":0.028491895645856859,"y":0.017103096470236779,"z":-0.00048755426541902125,"w":0.9994481205940247},"size":48.20826721191406,"orthographic":true}