{"cameraMode":{"drawMode":0,"name":"Shaded","section":"Shading Mode"},"sceneLighting":true,"audioPlay":false,"sceneViewState":{"m_AlwaysRefresh":false,"showFog":true,"showSkybox":true,"showFlares":true,"showImageEffects":true,"showParticleSystems":true,"showVisualEffectGraphs":true,"m_FxEnabled":true},"in2DMode":false,"pivot":{"x":-43.02855682373047,"y":-11.671396255493164,"z":11.500982284545899},"rotation":{"x":-0.033025357872247699,"y":-0.9383475184440613,"z":0.3312086760997772,"w":-0.09377167373895645},"size":36.252281188964847,"orthographic":false}