{"cameraMode":{"drawMode":0,"name":"Shaded","section":"Shading Mode"},"sceneLighting":true,"audioPlay":false,"sceneViewState":{"m_AlwaysRefresh":false,"showFog":true,"showSkybox":true,"showFlares":true,"showImageEffects":true,"showParticleSystems":true,"showVisualEffectGraphs":true,"m_FxEnabled":true},"in2DMode":false,"pivot":{"x":25.22221565246582,"y":15.930000305175782,"z":22.420000076293947},"rotation":{"x":0.1916036158800125,"y":-0.6303479075431824,"z":0.16452522575855256,"w":0.7340953350067139},"size":14.253449440002442,"orthographic":true}