{"cameraMode":{"drawMode":0,"name":"Shaded","section":"Shading Mode"},"sceneLighting":true,"audioPlay":false,"sceneViewState":{"m_AlwaysRefresh":false,"showFog":true,"showSkybox":true,"showFlares":true,"showImageEffects":true,"showParticleSystems":true,"showVisualEffectGraphs":true,"m_FxEnabled":true},"in2DMode":false,"pivot":{"x":21.032161712646486,"y":-3.6093757152557375,"z":-7.368940830230713},"rotation":{"x":0.07115761935710907,"y":-0.8557604551315308,"z":0.49773865938186648,"w":0.12225096672773361},"size":11.569796562194825,"orthographic":false}