{"cameraMode":{"drawMode":0,"name":"Shaded","section":"Shading Mode"},"sceneLighting":true,"audioPlay":false,"sceneViewState":{"m_AlwaysRefresh":false,"showFog":true,"showSkybox":true,"showFlares":true,"showImageEffects":true,"showParticleSystems":true,"showVisualEffectGraphs":true,"m_FxEnabled":true},"in2DMode":false,"pivot":{"x":6.771544456481934,"y":-0.014853269793093205,"z":11.36136531829834},"rotation":{"x":0.2744307219982147,"y":-0.7077732086181641,"z":0.35668766498565676,"w":0.544544517993927},"size":11.255248069763184,"orthographic":true}