{"cameraMode":{"drawMode":0,"name":"Shaded","section":"Shading Mode"},"sceneLighting":false,"audioPlay":false,"sceneViewState":{"m_AlwaysRefresh":false,"showFog":true,"showSkybox":true,"showFlares":true,"showImageEffects":true,"showParticleSystems":true,"showVisualEffectGraphs":true,"m_FxEnabled":true},"in2DMode":false,"pivot":{"x":511.5872802734375,"y":380.99853515625,"z":50.03309631347656},"rotation":{"x":0.18066465854644776,"y":-0.039830487221479419,"z":0.007319847121834755,"w":0.9827216267585754},"size":224.73045349121095,"orthographic":true}