{"cameraMode":{"drawMode":0,"name":"Shaded","section":"Shading Mode"},"sceneLighting":false,"audioPlay":false,"sceneViewState":{"m_AlwaysRefresh":false,"showFog":true,"showSkybox":false,"showFlares":true,"showImageEffects":true,"showParticleSystems":true,"showVisualEffectGraphs":true,"m_FxEnabled":true},"in2DMode":false,"pivot":{"x":10.14610767364502,"y":1.1435365676879883,"z":26.587339401245118},"rotation":{"x":-0.4490073621273041,"y":-0.14859963953495027,"z":0.07607004046440125,"w":-0.8778325319290161},"size":30.403217315673829,"orthographic":false}