{"cameraMode":{"drawMode":0,"name":"Shaded","section":"Shading Mode"},"sceneLighting":false,"audioPlay":false,"sceneViewState":{"m_AlwaysRefresh":false,"showFog":true,"showSkybox":false,"showFlares":true,"showImageEffects":true,"showParticleSystems":true,"showVisualEffectGraphs":true,"m_FxEnabled":true},"in2DMode":false,"pivot":{"x":0.001341104507446289,"y":-0.0011184215545654297,"z":-0.0028405189514160158},"rotation":{"x":0.04900989681482315,"y":0.9491919279098511,"z":-0.18778014183044434,"w":0.247735396027565},"size":0.7071067690849304,"orthographic":true}